submissionId,assignmentId,studentId,submissionText,submittedAt,lastModified,isGroupWork,collaborators
submission001,assignment001,student001,"class BinarySearchTree {
  constructor() {
    this.root = null;
  }
  
  insert(value) {
    if (!this.root) {
      this.root = new Node(value);
    } else {
      this.insertNode(this.root, value);
    }
  }
  
  search(value) {
    return this.searchNode(this.root, value);
  }
  
  // Additional methods implemented...
}",2024-10-14 18:30:00,2024-10-14 19:15:00,false,
submission002,assignment002,student001,"Step 1: Algorithm Analysis and Design

For this collaborative coding challenge, I've analyzed various sorting algorithms and determined that merge sort provides the optimal balance of performance and implementation complexity.

Key findings:
- Time complexity: O(n log n) in all cases
- Space complexity: O(n)
- Stable sorting algorithm
- Divide and conquer approach

I've outlined the basic structure:
1. Divide array into halves
2. Recursively sort each half
3. Merge sorted halves

Next collaborator should implement the core mergeSort function based on this analysis.",2024-10-20 14:20:00,2024-10-20 14:45:00,true,"student002,student003"
submission003,assignment002,student002,"Step 2: Core Algorithm Implementation

Building on Alice's excellent analysis, I've implemented the merge sort algorithm:

function mergeSort(arr) {
  if (arr.length <= 1) {
    return arr;
  }
  
  const mid = Math.floor(arr.length / 2);
  const left = arr.slice(0, mid);
  const right = arr.slice(mid);
  
  return merge(mergeSort(left), mergeSort(right));
}

function merge(left, right) {
  let result = [];
  let leftIndex = 0;
  let rightIndex = 0;
  
  while (leftIndex < left.length && rightIndex < right.length) {
    if (left[leftIndex] < right[rightIndex]) {
      result.push(left[leftIndex]);
      leftIndex++;
    } else {
      result.push(right[rightIndex]);
      rightIndex++;
    }
  }
  
  return result.concat(left.slice(leftIndex)).concat(right.slice(rightIndex));
}

Next collaborator should add comprehensive testing and performance analysis.",2024-10-22 16:10:00,2024-10-22 16:25:00,true,"student001,student003"